{
    "events": [{
        "address": "1201 S Figueroa St, Los Angeles, CA 90015",
        "title": "S Figueroa St",
        "id": 27,
        "locations": [{
            "lng": -104.977907542557,
            "lat": 39.7562388019386
        }, {
            "lng": -104.9876236,
            "lat": 39.7473515
        }, {
            "lng": -101.952129011693,
            "lat": 33.5979176558224
        }, {
            "lng": -104.852124600029,
            "lat": 38.926670212839
        }, {
            "lng": -96.83889991049,
            "lat": 32.9563828860672
        }, {
            "lng": -105.0930473,
            "lat": 40.5526973
        }, {
            "lng": -104.824010642566,
            "lat": 39.6658091798514
        }, {
            "lng": -104.958765096152,
            "lat": 39.7838323943648
        }, {
            "lng": -104.965460613709,
            "lat": 39.5470296746521
        }, {
            "lng": -104.788093039283,
            "lat": 39.6603361790098
        }, {
            "lng": -104.919315966542,
            "lat": 39.7593949914484
        }, {
            "lng": -104.919315966542,
            "lat": 39.7593949914484
        }, {
            "lng": -104.977907542557,
            "lat": 39.7562388019386
        }, {
            "lng": -104.91102392638,
            "lat": 39.9625247760483
        }, {
            "lng": -105.059288677228,
            "lat": 39.9133634805168
        }, {
            "lng": -104.952564499696,
            "lat": 39.7305933011087
        }, {
            "lng": -105.298094808249,
            "lat": 40.0244011939837
        }, {
            "lng": -105.0930473,
            "lat": 40.5526973
        }, {
            "lng": -105.059288677228,
            "lat": 39.9133634805168
        }, {
            "lng": -105.059288677228,
            "lat": 39.9133634805168
        }, {
            "lng": -105.007203996159,
            "lat": 39.8572770752621
        }, {
            "lng": -105.1566159,
            "lat": 40.611718
        }, {
            "lng": -81.5144951061912,
            "lat": 30.301230552949
        }, {
            "lng": -81.5144951061912,
            "lat": 30.301230552949
        }, {
            "lng": -104.95834966878,
            "lat": 39.9083606545407
        }, {
            "lng": -104.91102392638,
            "lat": 39.9625247760483
        }, {
            "lng": -104.965460613709,
            "lat": 39.5470296746521
        }, {
            "lng": -104.965460613709,
            "lat": 39.5470296746521
        }, {
            "lng": -105.0930473,
            "lat": 40.5526973
        }, {
            "lng": -104.788093039283,
            "lat": 39.6603361790098
        }, {
            "lng": -105.115061338363,
            "lat": 39.7453620508769
        }, {
            "lng": -105.115061338363,
            "lat": 39.7453620508769
        }, {
            "lng": -105.797767498761,
            "lat": 39.9380972650807
        }, {
            "lng": -121.377463441984,
            "lat": 38.5866059285408
        }, {
            "lng": -103.2622433,
            "lat": 44.0535347
        }, {
            "lng": -97.2542879088298,
            "lat": 37.5594045108725
        }, {
            "lng": -99.2897617930609,
            "lat": 43.1826163682548
        }, {
            "lng": -105.120321928278,
            "lat": 39.8421483446941
        }, {
            "lng": -105.821256164822,
            "lat": 39.9493581871046
        }, {
            "lng": -104.7197445,
            "lat": 38.8848881
        }, {
            "lng": -78.7831155429964,
            "lat": 35.7628571154215
        }, {
            "lng": -105.006625084094,
            "lat": 40.4980472019336
        }, {
            "lng": -105.006625084094,
            "lat": 40.4980472019336
        }, {
            "lng": -104.968881065421,
            "lat": 39.6462469521836
        }, {
            "lng": -105.0930473,
            "lat": 40.5526973
        }, {
            "lng": -105.171414815101,
            "lat": 40.6948226014962
        }, {
            "lng": -112.741519,
            "lat": 32.262292
        }, {
            "lng": -111.931830757936,
            "lat": 33.3358916248715
        }, {
            "lng": -105.891965896853,
            "lat": 40.0063425647822
        }, {
            "lng": -96.83889991049,
            "lat": 32.9563828860672
        }, {
            "lng": -96.7855488854457,
            "lat": 32.9334855561518
        }, {
            "lng": -104.787052705795,
            "lat": 39.6931506954868
        }, {
            "lng": -104.787052705795,
            "lat": 39.6931506954868
        }, {
            "lng": -104.883349367786,
            "lat": 39.7632346684248
        }, {
            "lng": -105.006625084094,
            "lat": 40.4980472019336
        }, {
            "lng": -104.80283142739,
            "lat": 39.9711482389684
        }, {
            "lng": -118.373899278303,
            "lat": 33.780262877193
        }, {
            "lng": -104.883349367786,
            "lat": 39.7632346684248
        }, {
            "lng": -104.888353010581,
            "lat": 39.6760022217682
        }, {
            "lng": -111.640042117736,
            "lat": 40.2249146819186
        }, {
            "lng": -104.852124600029,
            "lat": 38.926670212839
        }, {
            "lng": -104.80283142739,
            "lat": 39.9711482389684
        }, {
            "lng": -105.048257419228,
            "lat": 39.7718392618117
        }, {
            "lng": -97.1745833349541,
            "lat": 37.688999604637
        }, {
            "lng": -97.1745833349541,
            "lat": 37.688999604637
        }, {
            "lng": -104.754280791084,
            "lat": 39.5922501735223
        }, {
            "lng": -111.838613961941,
            "lat": 33.5878391632994
        }, {
            "lng": -78.8056052686897,
            "lat": 35.7979744196219
        }, {
            "lng": -106.518197314706,
            "lat": 35.1352809329674
        }, {
            "lng": -105.203746997699,
            "lat": 40.0482347872055
        }, {
            "lng": -104.754280791084,
            "lat": 39.5922501735223
        }, {
            "lng": -78.7831155429964,
            "lat": 35.7628571154215
        }, {
            "lng": -104.9903373,
            "lat": 39.7057992
        }, {
            "lng": -97.5574110294788,
            "lat": 35.3703812966921
        }],
        "total": 75
    }, {
        "address": "1600 Amphitheatre Parkway, Mountain View, CA",
        "title": "Amphitheatre Parkway",
        "id": 200,
        "locations": [{
                "lat": 33.9607196398526,
                "lng": -117.642193853405
            },
            {
                "lat": 34.0667451508246,
                "lng": -117.937963441535
            },
            {
                "lat": 34.0667451508246,
                "lng": -117.937963441535
            },
            {
                "lat": 34.1156576720169,
                "lng": -118.191261356652
            },
            {
                "lat": 34.2240569699093,
                "lng": -118.444895469811
            },
            {
                "lat": 38.0972977137124,
                "lng": -122.587692276181
            },
            {
                "lat": 32.9164535237129,
                "lng": -117.144661348557
            }
        ]
    }]
}